name,sub_status
John Smith,active
Alice Brown,active
Bob White,active
Charlie Green,active
Diana Black,active
Eve Blue,active
Frank Red,active
Grace Pink,active
Harry Gold,active
Ivy Silver,active
Jack Brown,active
Kate White,active
Liam Green,active
Mia Black,active
Noah Blue,active
Olivia Red,active
Peter Pink,active
Quinn Gold,active
Ryan Silver,active
Sara Green,active
Tom White,active
Uma Black,active
Victor Blue,active
Wendy Red,active
Xander Pink,active
Yara Gold,active
Zack Silver,active
Adam Green,active
Bella White,active
Cody Black,active
Daniel Blue,active
Emily Red,active
Finn Pink,active
Grace Gold,active
Henry Silver,active
Isla Green,active
Jack White,active
Katie Blue,active
Leo Red,active
Maya Pink,active